LEVEL_1 ;pisevaa-promyslennostʹ;
LEVEL_2 ;hleb-i-konditerskie-izdelia;
1922;category_id=10_1593_1598;dezinfekcia-poverhnostej;<a href='https://specsintez.com/index.php?route=product/category&path=10_1593_1598'>on site</a>;<a href='https://specsintez.com/dezinfekcia-poverhnostej'>on site SEO URL</a>

LEVEL_1 ;pisevaa-promyslennostʹ;
LEVEL_2 ;hleb-i-konditerskie-izdelia;
1923;category_id=10_1593_1597;mojka-sanitarnyh-pomesenij;<a href='https://specsintez.com/index.php?route=product/category&path=10_1593_1597'>on site</a>;<a href='https://specsintez.com/mojka-sanitarnyh-pomesenij'>on site SEO URL</a>

LEVEL_1 ;pisevaa-promyslennostʹ;
LEVEL_2 ;hleb-i-konditerskie-izdelia;
1924;category_id=10_1593_1596;mojka-termooborudovania;<a href='https://specsintez.com/index.php?route=product/category&path=10_1593_1596'>on site</a>;<a href='https://specsintez.com/mojka-termooborudovania'>on site SEO URL</a>

LEVEL_1 ;pisevaa-promyslennostʹ;
LEVEL_2 ;hleb-i-konditerskie-izdelia;
1925;category_id=10_1593_1595;gigiena-personala;<a href='https://specsintez.com/index.php?route=product/category&path=10_1593_1595'>on site</a>;<a href='https://specsintez.com/gigiena-personala'>on site SEO URL</a>

LEVEL_1 ;pisevaa-promyslennostʹ;
LEVEL_2 ;hleb-i-konditerskie-izdelia;
1926;category_id=10_1593_1594;mojka-oborudovania;<a href='https://specsintez.com/index.php?route=product/category&path=10_1593_1594'>on site</a>;<a href='https://specsintez.com/mojka-oborudovania'>on site SEO URL</a>

LEVEL_1 ;pisevaa-promyslennostʹ;
LEVEL_2 ;proizvodstvo-sousov;
1928;category_id=10_1587_1592;mojka-sanitarnyh-pomesenij;<a href='https://specsintez.com/index.php?route=product/category&path=10_1587_1592'>on site</a>;<a href='https://specsintez.com/mojka-sanitarnyh-pomesenij'>on site SEO URL</a>

LEVEL_1 ;pisevaa-promyslennostʹ;
LEVEL_2 ;proizvodstvo-sousov;
1929;category_id=10_1587_1591;mojka-termooborudovania;<a href='https://specsintez.com/index.php?route=product/category&path=10_1587_1591'>on site</a>;<a href='https://specsintez.com/mojka-termooborudovania'>on site SEO URL</a>

LEVEL_1 ;pisevaa-promyslennostʹ;
LEVEL_2 ;proizvodstvo-sousov;
1930;category_id=10_1587_1588;sip-mojka-i-dezinfekcia;<a href='https://specsintez.com/index.php?route=product/category&path=10_1587_1588'>on site</a>;<a href='https://specsintez.com/sip-mojka-i-dezinfekcia'>on site SEO URL</a>

LEVEL_1 ;pisevaa-promyslennostʹ;
LEVEL_2 ;proizvodstvo-sousov;
1931;category_id=10_1587_1589;mojka-oborudovania;<a href='https://specsintez.com/index.php?route=product/category&path=10_1587_1589'>on site</a>;<a href='https://specsintez.com/mojka-oborudovania'>on site SEO URL</a>

LEVEL_1 ;pisevaa-promyslennostʹ;
LEVEL_2 ;proizvodstvo-sousov;
1932;category_id=10_1587_1590;gigiena-personala;<a href='https://specsintez.com/index.php?route=product/category&path=10_1587_1590'>on site</a>;<a href='https://specsintez.com/gigiena-personala'>on site SEO URL</a>

LEVEL_1 ;pisevaa-promyslennostʹ;
LEVEL_2 ;masopererabotka;
1933;category_id=10_1575_1580;mojka-sanitarnyh-pomesenij;<a href='https://specsintez.com/index.php?route=product/category&path=10_1575_1580'>on site</a>;<a href='https://specsintez.com/mojka-sanitarnyh-pomesenij'>on site SEO URL</a>

LEVEL_1 ;pisevaa-promyslennostʹ;
LEVEL_2 ;pivo-i-napitki;
1934;category_id=10_1581_1586;mojka-sanitarnyh-pomesenij;<a href='https://specsintez.com/index.php?route=product/category&path=10_1581_1586'>on site</a>;<a href='https://specsintez.com/mojka-sanitarnyh-pomesenij'>on site SEO URL</a>

LEVEL_1 ;pisevaa-promyslennostʹ;
LEVEL_2 ;pivo-i-napitki;
1935;category_id=10_1581_1585;mojka-termooborudovania;<a href='https://specsintez.com/index.php?route=product/category&path=10_1581_1585'>on site</a>;<a href='https://specsintez.com/mojka-termooborudovania'>on site SEO URL</a>

LEVEL_1 ;pisevaa-promyslennostʹ;
LEVEL_2 ;pivo-i-napitki;
1936;category_id=10_1581_1584;gigiena-personala;<a href='https://specsintez.com/index.php?route=product/category&path=10_1581_1584'>on site</a>;<a href='https://specsintez.com/gigiena-personala'>on site SEO URL</a>

LEVEL_1 ;pisevaa-promyslennostʹ;
LEVEL_2 ;pivo-i-napitki;
1937;category_id=10_1581_1583;mojka-oborudovania-i-poverhnostej;<a href='https://specsintez.com/index.php?route=product/category&path=10_1581_1583'>on site</a>;<a href='https://specsintez.com/mojka-oborudovania-i-poverhnostej'>on site SEO URL</a>

LEVEL_1 ;pisevaa-promyslennostʹ;
LEVEL_2 ;pivo-i-napitki;
1938;category_id=10_1581_1582;sip-mojka-i-dezinfekcia;<a href='https://specsintez.com/index.php?route=product/category&path=10_1581_1582'>on site</a>;<a href='https://specsintez.com/sip-mojka-i-dezinfekcia'>on site SEO URL</a>

LEVEL_1 ;pisevaa-promyslennostʹ;
LEVEL_2 ;molocnaa-promyslennostʹ;
1941;category_id=10_1569_1573;mojka-termooborudovania;<a href='https://specsintez.com/index.php?route=product/category&path=10_1569_1573'>on site</a>;<a href='https://specsintez.com/mojka-termooborudovania'>on site SEO URL</a>

LEVEL_1 ;pisevaa-promyslennostʹ;
LEVEL_2 ;molocnaa-promyslennostʹ;
1942;category_id=10_1569_1572;gigiena-personala;<a href='https://specsintez.com/index.php?route=product/category&path=10_1569_1572'>on site</a>;<a href='https://specsintez.com/gigiena-personala'>on site SEO URL</a>

LEVEL_1 ;pisevaa-promyslennostʹ;
LEVEL_2 ;molocnaa-promyslennostʹ;
1943;category_id=10_1569_1571;mojka-oborudovania;<a href='https://specsintez.com/index.php?route=product/category&path=10_1569_1571'>on site</a>;<a href='https://specsintez.com/mojka-oborudovania'>on site SEO URL</a>

LEVEL_1 ;pisevaa-promyslennostʹ;
LEVEL_2 ;molocnaa-promyslennostʹ;
1944;category_id=10_1569_1570;sip-mojka-i-dezinfekcia;<a href='https://specsintez.com/index.php?route=product/category&path=10_1569_1570'>on site</a>;<a href='https://specsintez.com/sip-mojka-i-dezinfekcia'>on site SEO URL</a>

LEVEL_1 ;pisevaa-promyslennostʹ;
LEVEL_2 ;maslozirovaa-promyslennostʹ;
1946;category_id=10_1563_1568;sip-mojka-i-dezinfekcia;<a href='https://specsintez.com/index.php?route=product/category&path=10_1563_1568'>on site</a>;<a href='https://specsintez.com/sip-mojka-i-dezinfekcia'>on site SEO URL</a>

LEVEL_1 ;pisevaa-promyslennostʹ;
LEVEL_2 ;maslozirovaa-promyslennostʹ;
1947;category_id=10_1563_1567;mojka-termooborudovania;<a href='https://specsintez.com/index.php?route=product/category&path=10_1563_1567'>on site</a>;<a href='https://specsintez.com/mojka-termooborudovania'>on site SEO URL</a>

LEVEL_1 ;pisevaa-promyslennostʹ;
LEVEL_2 ;maslozirovaa-promyslennostʹ;
1948;category_id=10_1563_1564;dezinfekcia-poverhnostej-i-oborudovania;<a href='https://specsintez.com/index.php?route=product/category&path=10_1563_1564'>on site</a>;<a href='https://specsintez.com/dezinfekcia-poverhnostej-i-oborudovania'>on site SEO URL</a>

LEVEL_1 ;pisevaa-promyslennostʹ;
LEVEL_2 ;maslozirovaa-promyslennostʹ;
1949;category_id=10_1563_1565;mojka-sanitarnyh-komnat;<a href='https://specsintez.com/index.php?route=product/category&path=10_1563_1565'>on site</a>;<a href='https://specsintez.com/mojka-sanitarnyh-komnat'>on site SEO URL</a>

LEVEL_1 ;pisevaa-promyslennostʹ;
LEVEL_2 ;maslozirovaa-promyslennostʹ;
1950;category_id=10_1563_1566;gigiena-personala;<a href='https://specsintez.com/index.php?route=product/category&path=10_1563_1566'>on site</a>;<a href='https://specsintez.com/gigiena-personala'>on site SEO URL</a>

LEVEL_1 ;pisevaa-promyslennostʹ;
LEVEL_2 ;masopererabotka;
1951;category_id=10_1575_1579;mojka-termooborudovania;<a href='https://specsintez.com/index.php?route=product/category&path=10_1575_1579'>on site</a>;<a href='https://specsintez.com/mojka-termooborudovania'>on site SEO URL</a>

LEVEL_1 ;pisevaa-promyslennostʹ;
LEVEL_2 ;masopererabotka;
1952;category_id=10_1575_1578;gigiena-personala;<a href='https://specsintez.com/index.php?route=product/category&path=10_1575_1578'>on site</a>;<a href='https://specsintez.com/gigiena-personala'>on site SEO URL</a>

LEVEL_1 ;pisevaa-promyslennostʹ;
LEVEL_2 ;masopererabotka;
1953;category_id=10_1575_1577;mojka-oborudovania-i-poverhnostej;<a href='https://specsintez.com/index.php?route=product/category&path=10_1575_1577'>on site</a>;<a href='https://specsintez.com/mojka-oborudovania-i-poverhnostej'>on site SEO URL</a>

LEVEL_1 ;pisevaa-promyslennostʹ;
LEVEL_2 ;molocnaa-promyslennostʹ;
1954;category_id=10_1569_1574;mojka-sanitarnyh-pomesenij;<a href='https://specsintez.com/index.php?route=product/category&path=10_1569_1574'>on site</a>;<a href='https://specsintez.com/mojka-sanitarnyh-pomesenij'>on site SEO URL</a>

LEVEL_1 ;pisevaa-promyslennostʹ;
LEVEL_2 ;masopererabotka;
1956;category_id=10_1575_1576;dezinfekcia-poverhnostej-i-oborudovania;<a href='https://specsintez.com/index.php?route=product/category&path=10_1575_1576'>on site</a>;<a href='https://specsintez.com/dezinfekcia-poverhnostej-i-oborudovania'>on site SEO URL</a>

LEVEL_1 ;selʹskoe-hozajstvo;
LEVEL_2 ;pticevodstvo;
1959;category_id=54_55_56;dezinfekcia-zivotnovodceskih-pomesenij;<a href='https://specsintez.com/index.php?route=product/category&path=54_55_56'>on site</a>;<a href='https://specsintez.com/dezinfekcia-zivotnovodceskih-pomesenij'>on site SEO URL</a>

LEVEL_1 ;selʹskoe-hozajstvo;
LEVEL_2 ;pticevodstvo;
1960;category_id=54_55_57;zapolnenie-dezbarʹerov-i-dezkovrikov;<a href='https://specsintez.com/index.php?route=product/category&path=54_55_57'>on site</a>;<a href='https://specsintez.com/zapolnenie-dezbarʹerov-i-dezkovrikov'>on site SEO URL</a>

LEVEL_1 ;selʹskoe-hozajstvo;
LEVEL_2 ;pticevodstvo;
1961;category_id=54_55_58;mojka-zivotnovodceskih-pomesenij;<a href='https://specsintez.com/index.php?route=product/category&path=54_55_58'>on site</a>;<a href='https://specsintez.com/mojka-zivotnovodceskih-pomesenij'>on site SEO URL</a>

LEVEL_1 ;selʹskoe-hozajstvo;
LEVEL_2 ;pticevodstvo;
1962;category_id=54_55_59;licnaa-gigiena-personala;<a href='https://specsintez.com/index.php?route=product/category&path=54_55_59'>on site</a>;<a href='https://specsintez.com/licnaa-gigiena-personala'>on site SEO URL</a>

LEVEL_1 ;selʹskoe-hozajstvo;
LEVEL_2 ;pticevodstvo;
1963;category_id=54_55_1389;bezrazbornaa-mojka-cip;<a href='https://specsintez.com/index.php?route=product/category&path=54_55_1389'>on site</a>;<a href='https://specsintez.com/bezrazbornaa-mojka-cip'>on site SEO URL</a>

LEVEL_1 ;selʹskoe-hozajstvo;
LEVEL_2 ;svinovodstvo;
1965;category_id=54_60_61;dezinfekcia-zivotnovodceskih-pomesenij;<a href='https://specsintez.com/index.php?route=product/category&path=54_60_61'>on site</a>;<a href='https://specsintez.com/dezinfekcia-zivotnovodceskih-pomesenij'>on site SEO URL</a>

LEVEL_1 ;selʹskoe-hozajstvo;
LEVEL_2 ;svinovodstvo;
1966;category_id=54_60_62;zapolnenie-dezbarʹerov-i-dezkovrikov;<a href='https://specsintez.com/index.php?route=product/category&path=54_60_62'>on site</a>;<a href='https://specsintez.com/zapolnenie-dezbarʹerov-i-dezkovrikov'>on site SEO URL</a>

LEVEL_1 ;selʹskoe-hozajstvo;
LEVEL_2 ;svinovodstvo;
1967;category_id=54_60_672;licnaa-gigiena-personala;<a href='https://specsintez.com/index.php?route=product/category&path=54_60_672'>on site</a>;<a href='https://specsintez.com/licnaa-gigiena-personala'>on site SEO URL</a>

LEVEL_1 ;selʹskoe-hozajstvo;
LEVEL_2 ;svinovodstvo;
1968;category_id=54_60_666;mojka-zivotnovodceskih-pomesenij;<a href='https://specsintez.com/index.php?route=product/category&path=54_60_666'>on site</a>;<a href='https://specsintez.com/mojka-zivotnovodceskih-pomesenij'>on site SEO URL</a>

LEVEL_1 ;selʹskoe-hozajstvo;
LEVEL_2 ;svinovodstvo;
1969;category_id=54_60_1390;sredstva-dla-gigieny-zivotnyh;<a href='https://specsintez.com/index.php?route=product/category&path=54_60_1390'>on site</a>;<a href='https://specsintez.com/sredstva-dla-gigieny-zivotnyh'>on site SEO URL</a>

LEVEL_1 ;selʹskoe-hozajstvo;
LEVEL_2 ;krs;
1971;category_id=54_65_66;dezinfekcia-zivotnovodceskih-pomesenij;<a href='https://specsintez.com/index.php?route=product/category&path=54_65_66'>on site</a>;<a href='https://specsintez.com/dezinfekcia-zivotnovodceskih-pomesenij'>on site SEO URL</a>

LEVEL_1 ;selʹskoe-hozajstvo;
LEVEL_2 ;krs;
1972;category_id=54_65_67;zapolnenie-dezbarʹerov-i-dezkovrikov;<a href='https://specsintez.com/index.php?route=product/category&path=54_65_67'>on site</a>;<a href='https://specsintez.com/zapolnenie-dezbarʹerov-i-dezkovrikov'>on site SEO URL</a>

LEVEL_1 ;selʹskoe-hozajstvo;
LEVEL_2 ;krs;
1973;category_id=54_65_68;mojka-zivotnovodceskih-pomesenij;<a href='https://specsintez.com/index.php?route=product/category&path=54_65_68'>on site</a>;<a href='https://specsintez.com/mojka-zivotnovodceskih-pomesenij'>on site SEO URL</a>

LEVEL_1 ;selʹskoe-hozajstvo;
LEVEL_2 ;krs;
1974;category_id=54_65_69;bezrazbornaa-mojka-cip;<a href='https://specsintez.com/index.php?route=product/category&path=54_65_69'>on site</a>;<a href='https://specsintez.com/bezrazbornaa-mojka-cip'>on site SEO URL</a>

LEVEL_1 ;selʹskoe-hozajstvo;
LEVEL_2 ;krs;
1975;category_id=54_65_70;uhod-za-vymenem;<a href='https://specsintez.com/index.php?route=product/category&path=54_65_70'>on site</a>;<a href='https://specsintez.com/uhod-za-vymenem'>on site SEO URL</a>

LEVEL_1 ;selʹskoe-hozajstvo;
LEVEL_2 ;krs;
1976;category_id=54_65_71;licnaa-gigiena-personala;<a href='https://specsintez.com/index.php?route=product/category&path=54_65_71'>on site</a>;<a href='https://specsintez.com/licnaa-gigiena-personala'>on site SEO URL</a>

LEVEL_1 ;selʹskoe-hozajstvo;
LEVEL_2 ;pticevodstvo;
1977;category_id=54_55_1465;sredstva-dla-vann-ohlazdenia-tus;<a href='https://specsintez.com/index.php?route=product/category&path=54_55_1465'>on site</a>;<a href='https://specsintez.com/sredstva-dla-vann-ohlazdenia-tus'>on site SEO URL</a>

LEVEL_1 ;selʹskoe-hozajstvo;
LEVEL_2 ;krs;
1978;category_id=54_65_1420;sredstva-dla-obrabotki-kopyt;<a href='https://specsintez.com/index.php?route=product/category&path=54_65_1420'>on site</a>;<a href='https://specsintez.com/sredstva-dla-obrabotki-kopyt'>on site SEO URL</a>

LEVEL_1 ;horeca;
LEVEL_2 ;kafe-bary-restorany;
1981;category_id=72_73_74;dla-piseblokov;<a href='https://specsintez.com/index.php?route=product/category&path=72_73_74'>on site</a>;<a href='https://specsintez.com/dla-piseblokov'>on site SEO URL</a>

LEVEL_1 ;horeca;
LEVEL_2 ;kafe-bary-restorany;
1982;category_id=72_73_75;obezzirivanie-poverhnostej;<a href='https://specsintez.com/index.php?route=product/category&path=72_73_75'>on site</a>;<a href='https://specsintez.com/obezzirivanie-poverhnostej'>on site SEO URL</a>

LEVEL_1 ;horeca;
LEVEL_2 ;kafe-bary-restorany;
1983;category_id=72_73_76;dla-gostevogo-zala;<a href='https://specsintez.com/index.php?route=product/category&path=72_73_76'>on site</a>;<a href='https://specsintez.com/dla-gostevogo-zala'>on site SEO URL</a>

LEVEL_1 ;horeca;
LEVEL_2 ;kafe-bary-restorany;
1984;category_id=72_73_77;uborka-sanitarnyh-komnat;<a href='https://specsintez.com/index.php?route=product/category&path=72_73_77'>on site</a>;<a href='https://specsintez.com/uborka-sanitarnyh-komnat'>on site SEO URL</a>

LEVEL_1 ;horeca;
LEVEL_2 ;kafe-bary-restorany;
1985;category_id=72_73_79;dla-posudomoecnyh-masin;<a href='https://specsintez.com/index.php?route=product/category&path=72_73_79'>on site</a>;<a href='https://specsintez.com/dla-posudomoecnyh-masin'>on site SEO URL</a>

LEVEL_1 ;horeca;
LEVEL_2 ;kafe-bary-restorany;
1986;category_id=72_73_80;gigiena-personala;<a href='https://specsintez.com/index.php?route=product/category&path=72_73_80'>on site</a>;<a href='https://specsintez.com/gigiena-personala'>on site SEO URL</a>

LEVEL_1 ;horeca;
LEVEL_2 ;kafe-bary-restorany;
1987;category_id=72_73_726;stirka;<a href='https://specsintez.com/index.php?route=product/category&path=72_73_726'>on site</a>;<a href='https://specsintez.com/stirka'>on site SEO URL</a>

LEVEL_1 ;horeca;
LEVEL_2 ;kafe-bary-restorany;
1988;category_id=72_73_729;mojka-stekol-i-zerkal;<a href='https://specsintez.com/index.php?route=product/category&path=72_73_729'>on site</a>;<a href='https://specsintez.com/mojka-stekol-i-zerkal'>on site SEO URL</a>

LEVEL_1 ;horeca;
LEVEL_2 ;kafe-bary-restorany;
1989;category_id=72_73_1392;protiv-zasorov-trub;<a href='https://specsintez.com/index.php?route=product/category&path=72_73_1392'>on site</a>;<a href='https://specsintez.com/protiv-zasorov-trub'>on site SEO URL</a>

LEVEL_1 ;horeca;
LEVEL_2 ;gostinicy;
1991;category_id=72_81_82;uborka-sanitarnyh-komnat;<a href='https://specsintez.com/index.php?route=product/category&path=72_81_82'>on site</a>;<a href='https://specsintez.com/uborka-sanitarnyh-komnat'>on site SEO URL</a>

LEVEL_1 ;horeca;
LEVEL_2 ;gostinicy;
1992;category_id=72_81_83;udalenie-paten-i-graffiti;<a href='https://specsintez.com/index.php?route=product/category&path=72_81_83'>on site</a>;<a href='https://specsintez.com/udalenie-paten-i-graffiti'>on site SEO URL</a>

LEVEL_1 ;horeca;
LEVEL_2 ;gostinicy;
1993;category_id=72_81_84;mojka-stekol-i-zerkal;<a href='https://specsintez.com/index.php?route=product/category&path=72_81_84'>on site</a>;<a href='https://specsintez.com/mojka-stekol-i-zerkal'>on site SEO URL</a>

LEVEL_1 ;horeca;
LEVEL_2 ;gostinicy;
1994;category_id=72_81_85;uhod-za-metalliceskimi-poverhnostami;<a href='https://specsintez.com/index.php?route=product/category&path=72_81_85'>on site</a>;<a href='https://specsintez.com/uhod-za-metalliceskimi-poverhnostami'>on site SEO URL</a>

LEVEL_1 ;horeca;
LEVEL_2 ;gostinicy;
1995;category_id=72_81_86;uborka-nomerov;<a href='https://specsintez.com/index.php?route=product/category&path=72_81_86'>on site</a>;<a href='https://specsintez.com/uborka-nomerov'>on site SEO URL</a>

LEVEL_1 ;horeca;
LEVEL_2 ;gostinicy;
1996;category_id=72_81_738;stirka-belʹa;<a href='https://specsintez.com/index.php?route=product/category&path=72_81_738'>on site</a>;<a href='https://specsintez.com/stirka-belʹa'>on site SEO URL</a>

LEVEL_1 ;horeca;
LEVEL_2 ;gostinicy;
1997;category_id=72_81_1393;protiv-zasorov-trub;<a href='https://specsintez.com/index.php?route=product/category&path=72_81_1393'>on site</a>;<a href='https://specsintez.com/protiv-zasorov-trub'>on site SEO URL</a>

LEVEL_1 ;klining;
LEVEL_2 ;kommerceskij-klining;
2000;category_id=87_88_763;stirka-belʹa;<a href='https://specsintez.com/index.php?route=product/category&path=87_88_763'>on site</a>;<a href='https://specsintez.com/stirka-belʹa'>on site SEO URL</a>

LEVEL_1 ;klining;
LEVEL_2 ;kommerceskij-klining;
2001;category_id=87_88_89;uborka-ofisov;<a href='https://specsintez.com/index.php?route=product/category&path=87_88_89'>on site</a>;<a href='https://specsintez.com/uborka-ofisov'>on site SEO URL</a>

LEVEL_1 ;klining;
LEVEL_2 ;kommerceskij-klining;
2002;category_id=87_88_777;dla-polomoecnyh-masin;<a href='https://specsintez.com/index.php?route=product/category&path=87_88_777'>on site</a>;<a href='https://specsintez.com/dla-polomoecnyh-masin'>on site SEO URL</a>

LEVEL_1 ;klining;
LEVEL_2 ;kommerceskij-klining;
2003;category_id=87_88_90;cistka-kovrov;<a href='https://specsintez.com/index.php?route=product/category&path=87_88_90'>on site</a>;<a href='https://specsintez.com/cistka-kovrov'>on site SEO URL</a>

LEVEL_1 ;klining;
LEVEL_2 ;kommerceskij-klining;
2004;category_id=87_88_91;udalenie-paten-i-graffiti;<a href='https://specsintez.com/index.php?route=product/category&path=87_88_91'>on site</a>;<a href='https://specsintez.com/udalenie-paten-i-graffiti'>on site SEO URL</a>

LEVEL_1 ;klining;
LEVEL_2 ;kommerceskij-klining;
2005;category_id=87_88_92;mojka-stekol-i-zerkal;<a href='https://specsintez.com/index.php?route=product/category&path=87_88_92'>on site</a>;<a href='https://specsintez.com/mojka-stekol-i-zerkal'>on site SEO URL</a>

LEVEL_1 ;klining;
LEVEL_2 ;kommerceskij-klining;
2006;category_id=87_88_769;uhod-za-metalliceskim-poverhnostami;<a href='https://specsintez.com/index.php?route=product/category&path=87_88_769'>on site</a>;<a href='https://specsintez.com/uhod-za-metalliceskim-poverhnostami'>on site SEO URL</a>

LEVEL_1 ;klining;
LEVEL_2 ;kommerceskij-klining;
2007;category_id=87_88_768;uhod-za-orgtehnikoj;<a href='https://specsintez.com/index.php?route=product/category&path=87_88_768'>on site</a>;<a href='https://specsintez.com/uhod-za-orgtehnikoj'>on site SEO URL</a>

LEVEL_1 ;klining;
LEVEL_2 ;kommerceskij-klining;
2008;category_id=87_88_93;uborka-sanitarnyh-komnat;<a href='https://specsintez.com/index.php?route=product/category&path=87_88_93'>on site</a>;<a href='https://specsintez.com/uborka-sanitarnyh-komnat'>on site SEO URL</a>

LEVEL_1 ;klining;
LEVEL_2 ;kommerceskij-klining;
2009;category_id=87_88_1394;protiv-zasorov-trub;<a href='https://specsintez.com/index.php?route=product/category&path=87_88_1394'>on site</a>;<a href='https://specsintez.com/protiv-zasorov-trub'>on site SEO URL</a>

LEVEL_1 ;transport;
LEVEL_2 ;zeleznodoroznyj-transport;
2012;category_id=94_95_96;detali-kolesnye-pary-podvagonnoe-prostranstvo;<a href='https://specsintez.com/index.php?route=product/category&path=94_95_96'>on site</a>;<a href='https://specsintez.com/detali-kolesnye-pary-podvagonnoe-prostranstvo'>on site SEO URL</a>

LEVEL_1 ;transport;
LEVEL_2 ;zeleznodoroznyj-transport;
2013;category_id=94_95_97;vnutrennaa-uborka-podviznogo-sostava;<a href='https://specsintez.com/index.php?route=product/category&path=94_95_97'>on site</a>;<a href='https://specsintez.com/vnutrennaa-uborka-podviznogo-sostava'>on site SEO URL</a>

LEVEL_1 ;transport;
LEVEL_2 ;zeleznodoroznyj-transport;
2014;category_id=94_95_98;uborka-depo-remontnyh-zon;<a href='https://specsintez.com/index.php?route=product/category&path=94_95_98'>on site</a>;<a href='https://specsintez.com/uborka-depo-remontnyh-zon'>on site SEO URL</a>

LEVEL_1 ;transport;
LEVEL_2 ;zeleznodoroznyj-transport;
2015;category_id=94_95_851;sredstva-licnoj-gigieny-dla-personala;<a href='https://specsintez.com/index.php?route=product/category&path=94_95_851'>on site</a>;<a href='https://specsintez.com/sredstva-licnoj-gigieny-dla-personala'>on site SEO URL</a>

LEVEL_1 ;transport;
LEVEL_2 ;zeleznodoroznyj-transport;
2016;category_id=94_95_864;uborka-vokzalov-administrativnyh-zdanij;<a href='https://specsintez.com/index.php?route=product/category&path=94_95_864'>on site</a>;<a href='https://specsintez.com/uborka-vokzalov-administrativnyh-zdanij'>on site SEO URL</a>

LEVEL_1 ;ucrezdenia-zdravoohranenia;
LEVEL_2 ;dezinfekcia-poverhnostej;
2017;category_id=131_132_1491;tekusaa-i-generalʹnaa-uborki;<a href='https://specsintez.com/index.php?route=product/category&path=131_132_1491'>on site</a>;<a href='https://specsintez.com/tekusaa-i-generalʹnaa-uborki'>on site SEO URL</a>

LEVEL_1 ;transport;
LEVEL_2 ;zeleznodoroznyj-transport;
2018;category_id=94_95_99;naruznaa-mojka-podviznogo-sostava;<a href='https://specsintez.com/index.php?route=product/category&path=94_95_99'>on site</a>;<a href='https://specsintez.com/naruznaa-mojka-podviznogo-sostava'>on site SEO URL</a>

LEVEL_1 ;ucrezdenia-zdravoohranenia;
LEVEL_2 ;obrabotka-izdelij-medicinskogo-naznacenia;
2019;category_id=131_133_1513;pso-rucnym-sposobom;<a href='https://specsintez.com/index.php?route=product/category&path=131_133_1513'>on site</a>;<a href='https://specsintez.com/pso-rucnym-sposobom'>on site SEO URL</a>

LEVEL_1 ;ucrezdenia-zdravoohranenia;
LEVEL_2 ;obrabotka-izdelij-medicinskogo-naznacenia;
2020;category_id=131_133_1514;pso-v-uz-ustanovkah;<a href='https://specsintez.com/index.php?route=product/category&path=131_133_1514'>on site</a>;<a href='https://specsintez.com/pso-v-uz-ustanovkah'>on site SEO URL</a>

LEVEL_1 ;ucrezdenia-zdravoohranenia;
LEVEL_2 ;obrabotka-izdelij-medicinskogo-naznacenia;
2021;category_id=131_133_1515;ocistka-v-avtomaticeskih-masinah;<a href='https://specsintez.com/index.php?route=product/category&path=131_133_1515'>on site</a>;<a href='https://specsintez.com/ocistka-v-avtomaticeskih-masinah'>on site SEO URL</a>

LEVEL_1 ;ucrezdenia-zdravoohranenia;
LEVEL_2 ;obrabotka-izdelij-medicinskogo-naznacenia;
2022;category_id=131_133_1516;sterilizacia;<a href='https://specsintez.com/index.php?route=product/category&path=131_133_1516'>on site</a>;<a href='https://specsintez.com/sterilizacia'>on site SEO URL</a>

LEVEL_1 ;ucrezdenia-zdravoohranenia;
LEVEL_2 ;obrabotka-endoskopov;
2023;category_id=131_135_1517;sterilizacia;<a href='https://specsintez.com/index.php?route=product/category&path=131_135_1517'>on site</a>;<a href='https://specsintez.com/sterilizacia'>on site SEO URL</a>

LEVEL_1 ;transport;
LEVEL_2 ;avtotransport-i-vodnyj-transport;
2025;category_id=94_100_101;gruzovoj-transport;<a href='https://specsintez.com/index.php?route=product/category&path=94_100_101'>on site</a>;<a href='https://specsintez.com/gruzovoj-transport'>on site SEO URL</a>

LEVEL_1 ;transport;
LEVEL_2 ;avtotransport-i-vodnyj-transport;
2026;category_id=94_100_102;legkovoj-transport;<a href='https://specsintez.com/index.php?route=product/category&path=94_100_102'>on site</a>;<a href='https://specsintez.com/legkovoj-transport'>on site SEO URL</a>

LEVEL_1 ;transport;
LEVEL_2 ;avtotransport-i-vodnyj-transport;
2027;category_id=94_100_103;obsestvennyj-transport;<a href='https://specsintez.com/index.php?route=product/category&path=94_100_103'>on site</a>;<a href='https://specsintez.com/obsestvennyj-transport'>on site SEO URL</a>

LEVEL_1 ;transport;
LEVEL_2 ;avtotransport-i-vodnyj-transport;
2028;category_id=94_100_105;vodnyj-transport;<a href='https://specsintez.com/index.php?route=product/category&path=94_100_105'>on site</a>;<a href='https://specsintez.com/vodnyj-transport'>on site SEO URL</a>

LEVEL_1 ;transport;
LEVEL_2 ;avtotransport-i-vodnyj-transport;
2029;category_id=94_100_107;klining-portov-recnyh-vokzalov-administrativnyh-zdanij;<a href='https://specsintez.com/index.php?route=product/category&path=94_100_107'>on site</a>;<a href='https://specsintez.com/klining-portov-recnyh-vokzalov-administrativnyh-zdanij'>on site SEO URL</a>

LEVEL_1 ;ucrezdenia-zdravoohranenia;
LEVEL_2 ;obrabotka-izdelij-medicinskogo-naznacenia;
2030;category_id=131_133_1511;dezinfekcia-imn-sovmesennaa-s-pso-rucnym-sposobom;<a href='https://specsintez.com/index.php?route=product/category&path=131_133_1511'>on site</a>;<a href='https://specsintez.com/dezinfekcia-imn-sovmesennaa-s-pso-rucnym-sposobom'>on site SEO URL</a>

LEVEL_1 ;ucrezdenia-zdravoohranenia;
LEVEL_2 ;obrabotka-izdelij-medicinskogo-naznacenia;
2031;category_id=131_133_1512;dezinfekcia-imn-sovmesennaa-s-pso-v-uzustanovkah;<a href='https://specsintez.com/index.php?route=product/category&path=131_133_1512'>on site</a>;<a href='https://specsintez.com/dezinfekcia-imn-sovmesennaa-s-pso-v-uzustanovkah'>on site SEO URL</a>

LEVEL_1 ;ucrezdenia-zdravoohranenia;
LEVEL_2 ;dezinfekcia-poverhnostej;
2032;category_id=131_132_1510;ekspressdezinfekcia-poverhnostej;<a href='https://specsintez.com/index.php?route=product/category&path=131_132_1510'>on site</a>;<a href='https://specsintez.com/ekspressdezinfekcia-poverhnostej'>on site SEO URL</a>

LEVEL_1 ;ucrezdenia-zdravoohranenia;
LEVEL_2 ;dezinfekcia-poverhnostej;
2033;category_id=131_132_1508;dezinfekcia-posudy;<a href='https://specsintez.com/index.php?route=product/category&path=131_132_1508'>on site</a>;<a href='https://specsintez.com/dezinfekcia-posudy'>on site SEO URL</a>

LEVEL_1 ;ucrezdenia-zdravoohranenia;
LEVEL_2 ;dezinfekcia-poverhnostej;
2034;category_id=131_132_1509;dezinfekcia-belʹa;<a href='https://specsintez.com/index.php?route=product/category&path=131_132_1509'>on site</a>;<a href='https://specsintez.com/dezinfekcia-belʹa'>on site SEO URL</a>

LEVEL_1 ;transport;
LEVEL_2 ;metropoliten;
2036;category_id=94_108_109;detali-kolesnye-pary-podvagonnoe-prostranstvo;<a href='https://specsintez.com/index.php?route=product/category&path=94_108_109'>on site</a>;<a href='https://specsintez.com/detali-kolesnye-pary-podvagonnoe-prostranstvo'>on site SEO URL</a>

LEVEL_1 ;transport;
LEVEL_2 ;metropoliten;
2037;category_id=94_108_110;naruznaa-mojka-podviznogo-sostava;<a href='https://specsintez.com/index.php?route=product/category&path=94_108_110'>on site</a>;<a href='https://specsintez.com/naruznaa-mojka-podviznogo-sostava'>on site SEO URL</a>

LEVEL_1 ;transport;
LEVEL_2 ;metropoliten;
2038;category_id=94_108_111;uborka-depo-remontnyh-zon;<a href='https://specsintez.com/index.php?route=product/category&path=94_108_111'>on site</a>;<a href='https://specsintez.com/uborka-depo-remontnyh-zon'>on site SEO URL</a>

LEVEL_1 ;transport;
LEVEL_2 ;metropoliten;
2039;category_id=94_108_1006;sredstva-licnoj-gigieny-dla-personala;<a href='https://specsintez.com/index.php?route=product/category&path=94_108_1006'>on site</a>;<a href='https://specsintez.com/sredstva-licnoj-gigieny-dla-personala'>on site SEO URL</a>

LEVEL_1 ;transport;
LEVEL_2 ;metropoliten;
2040;category_id=94_108_1015;uborka-vestibulej-platform;<a href='https://specsintez.com/index.php?route=product/category&path=94_108_1015'>on site</a>;<a href='https://specsintez.com/uborka-vestibulej-platform'>on site SEO URL</a>

LEVEL_1 ;transport;
LEVEL_2 ;metropoliten;
2041;category_id=94_108_112;vnutrennaa-uborka-podviznogo-sostava;<a href='https://specsintez.com/index.php?route=product/category&path=94_108_112'>on site</a>;<a href='https://specsintez.com/vnutrennaa-uborka-podviznogo-sostava'>on site SEO URL</a>

LEVEL_1 ;ucrezdenia-zdravoohranenia;
LEVEL_2 ;obrabotka-koznyh-pokrovov;
2042;category_id=131_137_1490;vspomogatelʹnoe-oborudovanie;<a href='https://specsintez.com/index.php?route=product/category&path=131_137_1490'>on site</a>;<a href='https://specsintez.com/vspomogatelʹnoe-oborudovanie'>on site SEO URL</a>

LEVEL_1 ;masinostroenie-i-metalloobrabotka;
LEVEL_2 ;obezzirivanie-poverhnostej;
2043;category_id=117_118_1486;obezzirivanie-metodom-protirania-orosenia-pogruzenia;<a href='https://specsintez.com/index.php?route=product/category&path=117_118_1486'>on site</a>;<a href='https://specsintez.com/obezzirivanie-metodom-protirania-orosenia-pogruzenia'>on site SEO URL</a>

LEVEL_1 ;masinostroenie-i-metalloobrabotka;
LEVEL_2 ;obezzirivanie-poverhnostej;
2044;category_id=117_118_1487;ocistka-detalej-i-uzlov-elektriceskih-masin;<a href='https://specsintez.com/index.php?route=product/category&path=117_118_1487'>on site</a>;<a href='https://specsintez.com/ocistka-detalej-i-uzlov-elektriceskih-masin'>on site SEO URL</a>

LEVEL_1 ;masinostroenie-i-metalloobrabotka;
LEVEL_2 ;obezzirivanie-poverhnostej;
2045;category_id=117_118_1488;uborka-polov-v-proizvodstvennyh-cehah;<a href='https://specsintez.com/index.php?route=product/category&path=117_118_1488'>on site</a>;<a href='https://specsintez.com/uborka-polov-v-proizvodstvennyh-cehah'>on site SEO URL</a>

LEVEL_1 ;ucrezdenia-zdravoohranenia;
LEVEL_2 ;obrabotka-koznyh-pokrovov;
2046;category_id=131_137_1489;zidkoe-mylo;<a href='https://specsintez.com/index.php?route=product/category&path=131_137_1489'>on site</a>;<a href='https://specsintez.com/zidkoe-mylo'>on site SEO URL</a>

LEVEL_1 ;masinostroenie-i-metalloobrabotka;
LEVEL_2 ;obezzirivanie-poverhnostej;
2047;category_id=117_118_1485;ocistka-s-pomosʹu-apparatov-vysokogo-davlenia-minimoek;<a href='https://specsintez.com/index.php?route=product/category&path=117_118_1485'>on site</a>;<a href='https://specsintez.com/ocistka-s-pomosʹu-apparatov-vysokogo-davlenia-minimoek'>on site SEO URL</a>

LEVEL_1 ;masinostroenie-i-metalloobrabotka;
LEVEL_2 ;obezzirivanie-poverhnostej;
2051;category_id=117_118_119;obezzirivanie-v-ulʹtrazvukovyh-vannah;<a href='https://specsintez.com/index.php?route=product/category&path=117_118_119'>on site</a>;<a href='https://specsintez.com/obezzirivanie-v-ulʹtrazvukovyh-vannah'>on site SEO URL</a>

LEVEL_1 ;masinostroenie-i-metalloobrabotka;
LEVEL_2 ;obezzirivanie-poverhnostej;
2052;category_id=117_118_120;obezzirivanie-v-avtomatizirovannyh-mojkah;<a href='https://specsintez.com/index.php?route=product/category&path=117_118_120'>on site</a>;<a href='https://specsintez.com/obezzirivanie-v-avtomatizirovannyh-mojkah'>on site SEO URL</a>

LEVEL_1 ;masinostroenie-i-metalloobrabotka;
LEVEL_2 ;promyslennyj-klining;
2054;category_id=117_121_812;uborka-sanitarnyh-komnat;<a href='https://specsintez.com/index.php?route=product/category&path=117_121_812'>on site</a>;<a href='https://specsintez.com/uborka-sanitarnyh-komnat'>on site SEO URL</a>

LEVEL_1 ;masinostroenie-i-metalloobrabotka;
LEVEL_2 ;promyslennyj-klining;
2055;category_id=117_121_126;dla-polomoecnyh-masin;<a href='https://specsintez.com/index.php?route=product/category&path=117_121_126'>on site</a>;<a href='https://specsintez.com/dla-polomoecnyh-masin'>on site SEO URL</a>

LEVEL_1 ;masinostroenie-i-metalloobrabotka;
LEVEL_2 ;promyslennyj-klining;
2056;category_id=117_121_813;udalenie-paten-i-graffiti;<a href='https://specsintez.com/index.php?route=product/category&path=117_121_813'>on site</a>;<a href='https://specsintez.com/udalenie-paten-i-graffiti'>on site SEO URL</a>

LEVEL_1 ;masinostroenie-i-metalloobrabotka;
LEVEL_2 ;promyslennyj-klining;
2057;category_id=117_121_124;mojka-stekol-i-zerkal;<a href='https://specsintez.com/index.php?route=product/category&path=117_121_124'>on site</a>;<a href='https://specsintez.com/mojka-stekol-i-zerkal'>on site SEO URL</a>

LEVEL_1 ;masinostroenie-i-metalloobrabotka;
LEVEL_2 ;promyslennyj-klining;
2058;category_id=117_121_123;protiv-zasorov-v-trubah;<a href='https://specsintez.com/index.php?route=product/category&path=117_121_123'>on site</a>;<a href='https://specsintez.com/protiv-zasorov-v-trubah'>on site SEO URL</a>

LEVEL_1 ;masinostroenie-i-metalloobrabotka;
LEVEL_2 ;promyslennyj-klining;
2059;category_id=117_121_1599;uborka-polov-v-proizvodstvennyh-cehah;<a href='https://specsintez.com/index.php?route=product/category&path=117_121_1599'>on site</a>;<a href='https://specsintez.com/uborka-polov-v-proizvodstvennyh-cehah'>on site SEO URL</a>

LEVEL_1 ;ucrezdenia-zdravoohranenia;
LEVEL_2 ;obrabotka-koznyh-pokrovov;
2067;category_id=131_137_138;koznye-antiseptiki;<a href='https://specsintez.com/index.php?route=product/category&path=131_137_138'>on site</a>;<a href='https://specsintez.com/koznye-antiseptiki'>on site SEO URL</a>

LEVEL_1 ;ucrezdenia-zdravoohranenia;
LEVEL_2 ;obrabotka-koznyh-pokrovov;
2068;category_id=131_137_139;uhod-za-rukami;<a href='https://specsintez.com/index.php?route=product/category&path=131_137_139'>on site</a>;<a href='https://specsintez.com/uhod-za-rukami'>on site SEO URL</a>

LEVEL_1 ;ucrezdenia-zdravoohranenia;
LEVEL_2 ;professionalʹnaa-uborka;
2070;category_id=131_140_1528;uborka-pola;<a href='https://specsintez.com/index.php?route=product/category&path=131_140_1528'>on site</a>;<a href='https://specsintez.com/uborka-pola'>on site SEO URL</a>

LEVEL_1 ;ucrezdenia-zdravoohranenia;
LEVEL_2 ;professionalʹnaa-uborka;
2071;category_id=131_140_1529;uborka-sanitarnyh-komnat;<a href='https://specsintez.com/index.php?route=product/category&path=131_140_1529'>on site</a>;<a href='https://specsintez.com/uborka-sanitarnyh-komnat'>on site SEO URL</a>

LEVEL_1 ;ucrezdenia-zdravoohranenia;
LEVEL_2 ;professionalʹnaa-uborka;
2072;category_id=131_140_1530;mojka-stekol-i-zerkal;<a href='https://specsintez.com/index.php?route=product/category&path=131_140_1530'>on site</a>;<a href='https://specsintez.com/mojka-stekol-i-zerkal'>on site SEO URL</a>

LEVEL_1 ;ucrezdenia-zdravoohranenia;
LEVEL_2 ;professionalʹnaa-uborka;
2073;category_id=131_140_1531;udalenie-paten-i-graffiti;<a href='https://specsintez.com/index.php?route=product/category&path=131_140_1531'>on site</a>;<a href='https://specsintez.com/udalenie-paten-i-graffiti'>on site SEO URL</a>

LEVEL_1 ;ucrezdenia-zdravoohranenia;
LEVEL_2 ;professionalʹnaa-uborka;
2074;category_id=131_140_1532;cistka-magkoj-mebeli-i-kovrovyh-pokrytij;<a href='https://specsintez.com/index.php?route=product/category&path=131_140_1532'>on site</a>;<a href='https://specsintez.com/cistka-magkoj-mebeli-i-kovrovyh-pokrytij'>on site SEO URL</a>

LEVEL_1 ;ucrezdenia-zdravoohranenia;
LEVEL_2 ;professionalʹnaa-uborka;
2075;category_id=131_140_1533;uhod-za-metalliceskimi-poverhnostami;<a href='https://specsintez.com/index.php?route=product/category&path=131_140_1533'>on site</a>;<a href='https://specsintez.com/uhod-za-metalliceskimi-poverhnostami'>on site SEO URL</a>

LEVEL_1 ;ucrezdenia-zdravoohranenia;
LEVEL_2 ;professionalʹnaa-uborka;
2076;category_id=131_140_1534;ocistka-i-profilaktika-zasorov-v-trubah;<a href='https://specsintez.com/index.php?route=product/category&path=131_140_1534'>on site</a>;<a href='https://specsintez.com/ocistka-i-profilaktika-zasorov-v-trubah'>on site SEO URL</a>

LEVEL_1 ;ucrezdenia-zdravoohranenia;
LEVEL_2 ;professionalʹnaa-uborka;
2077;category_id=131_140_1535;uhod-za-orgtehnikoj;<a href='https://specsintez.com/index.php?route=product/category&path=131_140_1535'>on site</a>;<a href='https://specsintez.com/uhod-za-orgtehnikoj'>on site SEO URL</a>

LEVEL_1 ;detskie-sady-i-skoly;
LEVEL_2 ;gigiena-koznyh-pokrovov;
2083;category_id=150_154_155;koznye-antiseptiki;<a href='https://specsintez.com/index.php?route=product/category&path=150_154_155'>on site</a>;<a href='https://specsintez.com/koznye-antiseptiki'>on site SEO URL</a>

LEVEL_1 ;detskie-sady-i-skoly;
LEVEL_2 ;gigiena-koznyh-pokrovov;
2084;category_id=150_154_156;uhod-za-rukami;<a href='https://specsintez.com/index.php?route=product/category&path=150_154_156'>on site</a>;<a href='https://specsintez.com/uhod-za-rukami'>on site SEO URL</a>

LEVEL_1 ;detskie-sady-i-skoly;
LEVEL_2 ;uborka-pomesenij;
2087;category_id=150_158_159;uborka-pola;<a href='https://specsintez.com/index.php?route=product/category&path=150_158_159'>on site</a>;<a href='https://specsintez.com/uborka-pola'>on site SEO URL</a>

LEVEL_1 ;detskie-sady-i-skoly;
LEVEL_2 ;uborka-pomesenij;
2088;category_id=150_158_160;uborka-sanitarnyh-komnat;<a href='https://specsintez.com/index.php?route=product/category&path=150_158_160'>on site</a>;<a href='https://specsintez.com/uborka-sanitarnyh-komnat'>on site SEO URL</a>

LEVEL_1 ;detskie-sady-i-skoly;
LEVEL_2 ;uborka-pomesenij;
2089;category_id=150_158_162;cistka-magkoj-mebeli-i-kovrovyh-pokrytij;<a href='https://specsintez.com/index.php?route=product/category&path=150_158_162'>on site</a>;<a href='https://specsintez.com/cistka-magkoj-mebeli-i-kovrovyh-pokrytij'>on site SEO URL</a>

LEVEL_1 ;detskie-sady-i-skoly;
LEVEL_2 ;uborka-pomesenij;
2090;category_id=150_158_163;ocistka-i-profilaktika-zasorov-v-trubah;<a href='https://specsintez.com/index.php?route=product/category&path=150_158_163'>on site</a>;<a href='https://specsintez.com/ocistka-i-profilaktika-zasorov-v-trubah'>on site SEO URL</a>

LEVEL_1 ;detskie-sady-i-skoly;
LEVEL_2 ;uborka-pomesenij;
2091;category_id=150_158_164;uhod-za-orgtehnikoj;<a href='https://specsintez.com/index.php?route=product/category&path=150_158_164'>on site</a>;<a href='https://specsintez.com/uhod-za-orgtehnikoj'>on site SEO URL</a>

LEVEL_1 ;detskie-sady-i-skoly;
LEVEL_2 ;uborka-pomesenij;
2092;category_id=150_158_165;mojka-stekol-i-zerkal;<a href='https://specsintez.com/index.php?route=product/category&path=150_158_165'>on site</a>;<a href='https://specsintez.com/mojka-stekol-i-zerkal'>on site SEO URL</a>

LEVEL_1 ;detskie-sady-i-skoly;
LEVEL_2 ;uborka-pomesenij;
2093;category_id=150_158_166;uhod-za-metalliceskimi-poverhnostami;<a href='https://specsintez.com/index.php?route=product/category&path=150_158_166'>on site</a>;<a href='https://specsintez.com/uhod-za-metalliceskimi-poverhnostami'>on site SEO URL</a>

LEVEL_1 ;detskie-sady-i-skoly;
LEVEL_2 ;uborka-pomesenij;
2094;category_id=150_158_167;udalenie-paten-i-graffiti;<a href='https://specsintez.com/index.php?route=product/category&path=150_158_167'>on site</a>;<a href='https://specsintez.com/udalenie-paten-i-graffiti'>on site SEO URL</a>

LEVEL_1 ;salony-krasoty-i-spa;
LEVEL_2 ;dezinfekcia-sovmesennaa-s-ocistkoj-mnogorazovyh-instrumentov;
2096;category_id=168_1543_1544;vrucnuu;<a href='https://specsintez.com/index.php?route=product/category&path=168_1543_1544'>on site</a>;<a href='https://specsintez.com/vrucnuu'>on site SEO URL</a>

LEVEL_1 ;salony-krasoty-i-spa;
LEVEL_2 ;dezinfekcia-sovmesennaa-s-ocistkoj-mnogorazovyh-instrumentov;
2097;category_id=168_1543_1545;v-uzmojkah;<a href='https://specsintez.com/index.php?route=product/category&path=168_1543_1545'>on site</a>;<a href='https://specsintez.com/v-uzmojkah'>on site SEO URL</a>

LEVEL_1 ;salony-krasoty-i-spa;
LEVEL_2 ;dezinfekcia-poverhnostej;
2099;category_id=168_1546_1547;ezednevnaa-uborka;<a href='https://specsintez.com/index.php?route=product/category&path=168_1546_1547'>on site</a>;<a href='https://specsintez.com/ezednevnaa-uborka'>on site SEO URL</a>

LEVEL_1 ;salony-krasoty-i-spa;
LEVEL_2 ;gigiena-koznyh-pokrovov;
2101;category_id=168_172_1539;zidkoe-mylo;<a href='https://specsintez.com/index.php?route=product/category&path=168_172_1539'>on site</a>;<a href='https://specsintez.com/zidkoe-mylo'>on site SEO URL</a>

LEVEL_1 ;salony-krasoty-i-spa;
LEVEL_2 ;gigiena-koznyh-pokrovov;
2103;category_id=168_172_1542;vspomogatelʹnoe-oborudovanie;<a href='https://specsintez.com/index.php?route=product/category&path=168_172_1542'>on site</a>;<a href='https://specsintez.com/vspomogatelʹnoe-oborudovanie'>on site SEO URL</a>

LEVEL_1 ;salony-krasoty-i-spa;
LEVEL_2 ;gigiena-koznyh-pokrovov;
2104;category_id=168_172_1541;uhod-za-rukami;<a href='https://specsintez.com/index.php?route=product/category&path=168_172_1541'>on site</a>;<a href='https://specsintez.com/uhod-za-rukami'>on site SEO URL</a>

LEVEL_1 ;salony-krasoty-i-spa;
LEVEL_2 ;gigiena-koznyh-pokrovov;
2105;category_id=168_172_1540;koznye-antiseptiki;<a href='https://specsintez.com/index.php?route=product/category&path=168_172_1540'>on site</a>;<a href='https://specsintez.com/koznye-antiseptiki'>on site SEO URL</a>

LEVEL_1 ;detskie-sady-i-skoly;
LEVEL_2 ;gigiena-koznyh-pokrovov;
2108;category_id=150_154_1429;zidkoe-mylo;<a href='https://specsintez.com/index.php?route=product/category&path=150_154_1429'>on site</a>;<a href='https://specsintez.com/zidkoe-mylo'>on site SEO URL</a>

LEVEL_1 ;horeca;
LEVEL_2 ;gostinicy;
2109;category_id=72_81_1424;cistka-kovrov;<a href='https://specsintez.com/index.php?route=product/category&path=72_81_1424'>on site</a>;<a href='https://specsintez.com/cistka-kovrov'>on site SEO URL</a>

LEVEL_1 ;horeca;
LEVEL_2 ;gostinicy;
2110;category_id=72_81_1425;dla-polomoecnyh-masin;<a href='https://specsintez.com/index.php?route=product/category&path=72_81_1425'>on site</a>;<a href='https://specsintez.com/dla-polomoecnyh-masin'>on site SEO URL</a>

LEVEL_1 ;horeca;
LEVEL_2 ;gostinicy;
2111;category_id=72_81_1426;dla-posudomoecnyh-masin;<a href='https://specsintez.com/index.php?route=product/category&path=72_81_1426'>on site</a>;<a href='https://specsintez.com/dla-posudomoecnyh-masin'>on site SEO URL</a>

LEVEL_1 ;horeca;
LEVEL_2 ;gostinicy;
2112;category_id=72_81_1427;dla-piseblokov;<a href='https://specsintez.com/index.php?route=product/category&path=72_81_1427'>on site</a>;<a href='https://specsintez.com/dla-piseblokov'>on site SEO URL</a>

LEVEL_1 ;horeca;
LEVEL_2 ;gostinicy;
2113;category_id=72_81_1428;dla-gostevogo-zala;<a href='https://specsintez.com/index.php?route=product/category&path=72_81_1428'>on site</a>;<a href='https://specsintez.com/dla-gostevogo-zala'>on site SEO URL</a>

LEVEL_1 ;detskie-sady-i-skoly;
LEVEL_2 ;gigiena-koznyh-pokrovov;
2114;category_id=150_154_1430;vspomogatelʹnoe-oborudovanie;<a href='https://specsintez.com/index.php?route=product/category&path=150_154_1430'>on site</a>;<a href='https://specsintez.com/vspomogatelʹnoe-oborudovanie'>on site SEO URL</a>

LEVEL_1 ;detskie-sady-i-skoly;
LEVEL_2 ;dezinfekcia-poverhnostej;
2115;category_id=150_151_1431;ezednevnaa-uborka;<a href='https://specsintez.com/index.php?route=product/category&path=150_151_1431'>on site</a>;<a href='https://specsintez.com/ezednevnaa-uborka'>on site SEO URL</a>

LEVEL_1 ;detskie-sady-i-skoly;
LEVEL_2 ;dezinfekcia-poverhnostej;
2116;category_id=150_151_1432;generalʹnaa-uborka;<a href='https://specsintez.com/index.php?route=product/category&path=150_151_1432'>on site</a>;<a href='https://specsintez.com/generalʹnaa-uborka'>on site SEO URL</a>

LEVEL_1 ;detskie-sady-i-skoly;
LEVEL_2 ;dezinfekcia-poverhnostej;
2117;category_id=150_151_1433;ekspress-dezinfekcia;<a href='https://specsintez.com/index.php?route=product/category&path=150_151_1433'>on site</a>;<a href='https://specsintez.com/ekspress-dezinfekcia'>on site SEO URL</a>

LEVEL_1 ;detskie-sady-i-skoly;
LEVEL_2 ;dezinfekcia-poverhnostej;
2118;category_id=150_151_1434;dezinfekcia-sanitarnyh-komnat;<a href='https://specsintez.com/index.php?route=product/category&path=150_151_1434'>on site</a>;<a href='https://specsintez.com/dezinfekcia-sanitarnyh-komnat'>on site SEO URL</a>

LEVEL_1 ;detskie-sady-i-skoly;
LEVEL_2 ;dezinfekcia-poverhnostej;
2119;category_id=150_151_1435;dezinfekcia-uborocnogo-inventara;<a href='https://specsintez.com/index.php?route=product/category&path=150_151_1435'>on site</a>;<a href='https://specsintez.com/dezinfekcia-uborocnogo-inventara'>on site SEO URL</a>

LEVEL_1 ;detskie-sady-i-skoly;
LEVEL_2 ;dezinfekcia-na-pisebloke;
2120;category_id=150_157_1436;dezinfekcia-i-mytʹe-posudy-vrucnuu;<a href='https://specsintez.com/index.php?route=product/category&path=150_157_1436'>on site</a>;<a href='https://specsintez.com/dezinfekcia-i-mytʹe-posudy-vrucnuu'>on site SEO URL</a>

LEVEL_1 ;detskie-sady-i-skoly;
LEVEL_2 ;dezinfekcia-na-pisebloke;
2121;category_id=150_157_1437;dezinfekcia-i-dezodoracia-poverhnostej;<a href='https://specsintez.com/index.php?route=product/category&path=150_157_1437'>on site</a>;<a href='https://specsintez.com/dezinfekcia-i-dezodoracia-poverhnostej'>on site SEO URL</a>

LEVEL_1 ;detskie-sady-i-skoly;
LEVEL_2 ;dezinfekcia-na-pisebloke;
2122;category_id=150_157_1438;dezinfekcia-i-dezodoracia-holodilʹnikov-i-hranilis;<a href='https://specsintez.com/index.php?route=product/category&path=150_157_1438'>on site</a>;<a href='https://specsintez.com/dezinfekcia-i-dezodoracia-holodilʹnikov-i-hranilis'>on site SEO URL</a>

LEVEL_1 ;detskie-sady-i-skoly;
LEVEL_2 ;dezinfekcia-na-pisebloke;
2123;category_id=150_157_1439;dezinfekcia-pisevogo-ajca;<a href='https://specsintez.com/index.php?route=product/category&path=150_157_1439'>on site</a>;<a href='https://specsintez.com/dezinfekcia-pisevogo-ajca'>on site SEO URL</a>

LEVEL_1 ;detskie-sady-i-skoly;
LEVEL_2 ;dezinfekcia-sovmesennaa-s-ocistkoj-mnogorazovyh-instrumentov;
2124;category_id=150_152_1440;dezinfekcia-sovmesennaa-s-ocistkoj-mnogorazovyh-instrumentov-vrucnuu;<a href='https://specsintez.com/index.php?route=product/category&path=150_152_1440'>on site</a>;<a href='https://specsintez.com/dezinfekcia-sovmesennaa-s-ocistkoj-mnogorazovyh-instrumentov-vrucnuu'>on site SEO URL</a>

LEVEL_1 ;detskie-sady-i-skoly;
LEVEL_2 ;dezinfekcia-sovmesennaa-s-ocistkoj-mnogorazovyh-instrumentov;
2125;category_id=150_152_1441;dezinfekcia-sovmesennaa-s-ocistkoj-mnogorazovyh-instrumentov-v-uz-mojkah;<a href='https://specsintez.com/index.php?route=product/category&path=150_152_1441'>on site</a>;<a href='https://specsintez.com/dezinfekcia-sovmesennaa-s-ocistkoj-mnogorazovyh-instrumentov-v-uz-mojkah'>on site SEO URL</a>

LEVEL_1 ;detskie-sady-i-skoly;
LEVEL_2 ;stirka;
2127;category_id=150_153_1443;stirka-belʹa-vrucnuu;<a href='https://specsintez.com/index.php?route=product/category&path=150_153_1443'>on site</a>;<a href='https://specsintez.com/stirka-belʹa-vrucnuu'>on site SEO URL</a>

LEVEL_1 ;detskie-sady-i-skoly;
LEVEL_2 ;stirka;
2128;category_id=150_153_1444;stirka-belʹa-v-stiralʹnyh-masinah;<a href='https://specsintez.com/index.php?route=product/category&path=150_153_1444'>on site</a>;<a href='https://specsintez.com/stirka-belʹa-v-stiralʹnyh-masinah'>on site SEO URL</a>

LEVEL_1 ;detskie-sady-i-skoly;
LEVEL_2 ;uborka-v-pisebloke;
2130;category_id=150_1445_1446;mytʹe-posudy-vrucnuu;<a href='https://specsintez.com/index.php?route=product/category&path=150_1445_1446'>on site</a>;<a href='https://specsintez.com/mytʹe-posudy-vrucnuu'>on site SEO URL</a>

LEVEL_1 ;detskie-sady-i-skoly;
LEVEL_2 ;uborka-v-pisebloke;
2131;category_id=150_1445_1447;mytʹe-posudy-v-posudomoecnyh-masinah;<a href='https://specsintez.com/index.php?route=product/category&path=150_1445_1447'>on site</a>;<a href='https://specsintez.com/mytʹe-posudy-v-posudomoecnyh-masinah'>on site SEO URL</a>

LEVEL_1 ;detskie-sady-i-skoly;
LEVEL_2 ;uborka-v-pisebloke;
2132;category_id=150_1445_1448;udalenie-prigarov-s-plit-i-utvari;<a href='https://specsintez.com/index.php?route=product/category&path=150_1445_1448'>on site</a>;<a href='https://specsintez.com/udalenie-prigarov-s-plit-i-utvari'>on site SEO URL</a>

LEVEL_1 ;detskie-sady-i-skoly;
LEVEL_2 ;uborka-v-pisebloke;
2133;category_id=150_1445_1449;mytʹe-i-obezzirivanie-poverhnostej;<a href='https://specsintez.com/index.php?route=product/category&path=150_1445_1449'>on site</a>;<a href='https://specsintez.com/mytʹe-i-obezzirivanie-poverhnostej'>on site SEO URL</a>

LEVEL_1 ;klining;
LEVEL_2 ;kommerceskij-klining;
2134;category_id=87_88_1450;dla-posudomoecnyh-masin;<a href='https://specsintez.com/index.php?route=product/category&path=87_88_1450'>on site</a>;<a href='https://specsintez.com/dla-posudomoecnyh-masin'>on site SEO URL</a>

LEVEL_1 ;klining;
LEVEL_2 ;kommerceskij-klining;
2135;category_id=87_88_1451;dla-piseblokov;<a href='https://specsintez.com/index.php?route=product/category&path=87_88_1451'>on site</a>;<a href='https://specsintez.com/dla-piseblokov'>on site SEO URL</a>

LEVEL_1 ;klining;
LEVEL_2 ;dom;
2137;category_id=87_1452_1453;stirka-belʹa;<a href='https://specsintez.com/index.php?route=product/category&path=87_1452_1453'>on site</a>;<a href='https://specsintez.com/stirka-belʹa'>on site SEO URL</a>

LEVEL_1 ;klining;
LEVEL_2 ;dom;
2138;category_id=87_1452_1454;uborka-zilyh-komnat;<a href='https://specsintez.com/index.php?route=product/category&path=87_1452_1454'>on site</a>;<a href='https://specsintez.com/uborka-zilyh-komnat'>on site SEO URL</a>

LEVEL_1 ;klining;
LEVEL_2 ;dom;
2139;category_id=87_1452_1455;udalenie-paten-i-graffiti;<a href='https://specsintez.com/index.php?route=product/category&path=87_1452_1455'>on site</a>;<a href='https://specsintez.com/udalenie-paten-i-graffiti'>on site SEO URL</a>

LEVEL_1 ;klining;
LEVEL_2 ;dom;
2140;category_id=87_1452_1456;uborka-sanitarnyh-komnat;<a href='https://specsintez.com/index.php?route=product/category&path=87_1452_1456'>on site</a>;<a href='https://specsintez.com/uborka-sanitarnyh-komnat'>on site SEO URL</a>

LEVEL_1 ;klining;
LEVEL_2 ;dom;
2141;category_id=87_1452_1457;mojka-stekol-i-zerkal;<a href='https://specsintez.com/index.php?route=product/category&path=87_1452_1457'>on site</a>;<a href='https://specsintez.com/mojka-stekol-i-zerkal'>on site SEO URL</a>

LEVEL_1 ;klining;
LEVEL_2 ;dom;
2142;category_id=87_1452_1458;cistka-kovrov;<a href='https://specsintez.com/index.php?route=product/category&path=87_1452_1458'>on site</a>;<a href='https://specsintez.com/cistka-kovrov'>on site SEO URL</a>

LEVEL_1 ;klining;
LEVEL_2 ;dom;
2143;category_id=87_1452_1459;uhod-za-metalliceskimi-poverhnostami;<a href='https://specsintez.com/index.php?route=product/category&path=87_1452_1459'>on site</a>;<a href='https://specsintez.com/uhod-za-metalliceskimi-poverhnostami'>on site SEO URL</a>

LEVEL_1 ;klining;
LEVEL_2 ;dom;
2144;category_id=87_1452_1460;dla-polomoecnyh-masin;<a href='https://specsintez.com/index.php?route=product/category&path=87_1452_1460'>on site</a>;<a href='https://specsintez.com/dla-polomoecnyh-masin'>on site SEO URL</a>

LEVEL_1 ;klining;
LEVEL_2 ;dom;
2145;category_id=87_1452_1461;dla-posudomoecnyh-masin;<a href='https://specsintez.com/index.php?route=product/category&path=87_1452_1461'>on site</a>;<a href='https://specsintez.com/dla-posudomoecnyh-masin'>on site SEO URL</a>

LEVEL_1 ;klining;
LEVEL_2 ;dom;
2146;category_id=87_1452_1462;dla-kuhni;<a href='https://specsintez.com/index.php?route=product/category&path=87_1452_1462'>on site</a>;<a href='https://specsintez.com/dla-kuhni'>on site SEO URL</a>

LEVEL_1 ;klining;
LEVEL_2 ;dom;
2147;category_id=87_1452_1463;protiv-zasorov-trub;<a href='https://specsintez.com/index.php?route=product/category&path=87_1452_1463'>on site</a>;<a href='https://specsintez.com/protiv-zasorov-trub'>on site SEO URL</a>

LEVEL_1 ;klining;
LEVEL_2 ;dom;
2148;category_id=87_1452_1464;uhod-za-orgtehnikoj;<a href='https://specsintez.com/index.php?route=product/category&path=87_1452_1464'>on site</a>;<a href='https://specsintez.com/uhod-za-orgtehnikoj'>on site SEO URL</a>

LEVEL_1 ;selʹskoe-hozajstvo;
LEVEL_2 ;pticevodstvo;
2149;category_id=54_55_1466;obrabotka-aic;<a href='https://specsintez.com/index.php?route=product/category&path=54_55_1466'>on site</a>;<a href='https://specsintez.com/obrabotka-aic'>on site SEO URL</a>

LEVEL_1 ;selʹskoe-hozajstvo;
LEVEL_2 ;svinovodstvo;
2150;category_id=54_60_1467;bezrazbornaa-mojka-cip-v-tom-cisle-sistem-poenia;<a href='https://specsintez.com/index.php?route=product/category&path=54_60_1467'>on site</a>;<a href='https://specsintez.com/bezrazbornaa-mojka-cip-v-tom-cisle-sistem-poenia'>on site SEO URL</a>

LEVEL_1 ;obsluzivanie-teploobmennogo-oborudovania;
LEVEL_2 ;teploelektrostancii-tec;
2152;category_id=113_1468_1469;ocistka-parovyh-i-vodogrejnyh-kotlov;<a href='https://specsintez.com/index.php?route=product/category&path=113_1468_1469'>on site</a>;<a href='https://specsintez.com/ocistka-parovyh-i-vodogrejnyh-kotlov'>on site SEO URL</a>

LEVEL_1 ;obsluzivanie-teploobmennogo-oborudovania;
LEVEL_2 ;teploelektrostancii-tec;
2153;category_id=113_1468_1470;ocistka-maslosistem;<a href='https://specsintez.com/index.php?route=product/category&path=113_1468_1470'>on site</a>;<a href='https://specsintez.com/ocistka-maslosistem'>on site SEO URL</a>

LEVEL_1 ;obsluzivanie-teploobmennogo-oborudovania;
LEVEL_2 ;teplovye-seti;
2155;category_id=113_1471_1472;ocistka-teploobmennikov-iz-nerzaveusej-stali;<a href='https://specsintez.com/index.php?route=product/category&path=113_1471_1472'>on site</a>;<a href='https://specsintez.com/ocistka-teploobmennikov-iz-nerzaveusej-stali'>on site SEO URL</a>

LEVEL_1 ;obsluzivanie-teploobmennogo-oborudovania;
LEVEL_2 ;teplovye-seti;
2156;category_id=113_1471_1473;ocistka-kotlov-brojlerov-kozihotrubnyh-teploobmennikov;<a href='https://specsintez.com/index.php?route=product/category&path=113_1471_1473'>on site</a>;<a href='https://specsintez.com/ocistka-kotlov-brojlerov-kozihotrubnyh-teploobmennikov'>on site SEO URL</a>

LEVEL_1 ;obsluzivanie-teploobmennogo-oborudovania;
LEVEL_2 ;proizvodstvennye-predpriatia;
2158;category_id=113_1474_1475;ocistka-teploobmennikov-iz-nerzaveusej-stali;<a href='https://specsintez.com/index.php?route=product/category&path=113_1474_1475'>on site</a>;<a href='https://specsintez.com/ocistka-teploobmennikov-iz-nerzaveusej-stali'>on site SEO URL</a>

LEVEL_1 ;obsluzivanie-teploobmennogo-oborudovania;
LEVEL_2 ;proizvodstvennye-predpriatia;
2159;category_id=113_1474_1476;ocistka-kotlov-bojlerov-kozuhotrubnyh-teploobmennikov;<a href='https://specsintez.com/index.php?route=product/category&path=113_1474_1476'>on site</a>;<a href='https://specsintez.com/ocistka-kotlov-bojlerov-kozuhotrubnyh-teploobmennikov'>on site SEO URL</a>

LEVEL_1 ;obsluzivanie-teploobmennogo-oborudovania;
LEVEL_2 ;proizvodstvennye-predpriatia;
2160;category_id=113_1474_1477;ocistka-gradiren;<a href='https://specsintez.com/index.php?route=product/category&path=113_1474_1477'>on site</a>;<a href='https://specsintez.com/ocistka-gradiren'>on site SEO URL</a>

LEVEL_1 ;obsluzivanie-teploobmennogo-oborudovania;
LEVEL_2 ;obsluzivanie-kommerceskoj-nedvizimosti;
2162;category_id=113_1478_1479;ocistka-teploobmennikov-iz-nerzaveusej-stali;<a href='https://specsintez.com/index.php?route=product/category&path=113_1478_1479'>on site</a>;<a href='https://specsintez.com/ocistka-teploobmennikov-iz-nerzaveusej-stali'>on site SEO URL</a>

LEVEL_1 ;obsluzivanie-teploobmennogo-oborudovania;
LEVEL_2 ;obsluzivanie-kommerceskoj-nedvizimosti;
2163;category_id=113_1478_1480;ocistka-kotlov-bojlerov-kozuhotrubnyh-teploobmennikov;<a href='https://specsintez.com/index.php?route=product/category&path=113_1478_1480'>on site</a>;<a href='https://specsintez.com/ocistka-kotlov-bojlerov-kozuhotrubnyh-teploobmennikov'>on site SEO URL</a>

LEVEL_1 ;obsluzivanie-teploobmennogo-oborudovania;
LEVEL_2 ;obsluzivanie-kommerceskoj-nedvizimosti;
2164;category_id=113_1478_1481;ocistka-gradiren;<a href='https://specsintez.com/index.php?route=product/category&path=113_1478_1481'>on site</a>;<a href='https://specsintez.com/ocistka-gradiren'>on site SEO URL</a>

LEVEL_1 ;obsluzivanie-teploobmennogo-oborudovania;
LEVEL_2 ;castnyj-sektor;
2166;category_id=113_1482_1483;ocistka-teploobmennikov-iz-nerzaveusej-stali;<a href='https://specsintez.com/index.php?route=product/category&path=113_1482_1483'>on site</a>;<a href='https://specsintez.com/ocistka-teploobmennikov-iz-nerzaveusej-stali'>on site SEO URL</a>

LEVEL_1 ;obsluzivanie-teploobmennogo-oborudovania;
LEVEL_2 ;castnyj-sektor;
2167;category_id=113_1482_1484;ocistka-kotlov-bojlerov;<a href='https://specsintez.com/index.php?route=product/category&path=113_1482_1484'>on site</a>;<a href='https://specsintez.com/ocistka-kotlov-bojlerov'>on site SEO URL</a>

LEVEL_1 ;ucrezdenia-zdravoohranenia;
LEVEL_2 ;obrabotka-endoskopov;
2168;category_id=131_135_1518;dvu;<a href='https://specsintez.com/index.php?route=product/category&path=131_135_1518'>on site</a>;<a href='https://specsintez.com/dvu'>on site SEO URL</a>

LEVEL_1 ;ucrezdenia-zdravoohranenia;
LEVEL_2 ;obrabotka-endoskopov;
2169;category_id=131_135_1519;ocistka;<a href='https://specsintez.com/index.php?route=product/category&path=131_135_1519'>on site</a>;<a href='https://specsintez.com/ocistka'>on site SEO URL</a>

LEVEL_1 ;ucrezdenia-zdravoohranenia;
LEVEL_2 ;dezinfekcia-i-uborka-na-pisebloke;
2170;category_id=131_134_1520;rucnaa-mojka-posudy;<a href='https://specsintez.com/index.php?route=product/category&path=131_134_1520'>on site</a>;<a href='https://specsintez.com/rucnaa-mojka-posudy'>on site SEO URL</a>

LEVEL_1 ;ucrezdenia-zdravoohranenia;
LEVEL_2 ;dezinfekcia-i-uborka-na-pisebloke;
2171;category_id=131_134_1521;mojka-posudy-v-posudomoecnyh-masinah;<a href='https://specsintez.com/index.php?route=product/category&path=131_134_1521'>on site</a>;<a href='https://specsintez.com/mojka-posudy-v-posudomoecnyh-masinah'>on site SEO URL</a>

LEVEL_1 ;ucrezdenia-zdravoohranenia;
LEVEL_2 ;dezinfekcia-i-uborka-na-pisebloke;
2172;category_id=131_134_1522;udalenie-prigarov-s-plit-i-utvari;<a href='https://specsintez.com/index.php?route=product/category&path=131_134_1522'>on site</a>;<a href='https://specsintez.com/udalenie-prigarov-s-plit-i-utvari'>on site SEO URL</a>

LEVEL_1 ;ucrezdenia-zdravoohranenia;
LEVEL_2 ;dezinfekcia-i-uborka-na-pisebloke;
2173;category_id=131_134_1523;mytʹe-i-obezzirivanie-poverhnostej;<a href='https://specsintez.com/index.php?route=product/category&path=131_134_1523'>on site</a>;<a href='https://specsintez.com/mytʹe-i-obezzirivanie-poverhnostej'>on site SEO URL</a>

LEVEL_1 ;ucrezdenia-zdravoohranenia;
LEVEL_2 ;dezinfekcia-i-uborka-na-pisebloke;
2174;category_id=131_134_1524;dezinfekcia-i-mytʹe-posudy-vrucnuu;<a href='https://specsintez.com/index.php?route=product/category&path=131_134_1524'>on site</a>;<a href='https://specsintez.com/dezinfekcia-i-mytʹe-posudy-vrucnuu'>on site SEO URL</a>

LEVEL_1 ;ucrezdenia-zdravoohranenia;
LEVEL_2 ;dezinfekcia-i-uborka-na-pisebloke;
2175;category_id=131_134_1525;dezinfekcia-poverhnostej;<a href='https://specsintez.com/index.php?route=product/category&path=131_134_1525'>on site</a>;<a href='https://specsintez.com/dezinfekcia-poverhnostej'>on site SEO URL</a>

LEVEL_1 ;ucrezdenia-zdravoohranenia;
LEVEL_2 ;dezinfekcia-i-uborka-na-pisebloke;
2176;category_id=131_134_1526;dezinfekcia-i-dezodoracia-holodilʹnikov-i-hranilis;<a href='https://specsintez.com/index.php?route=product/category&path=131_134_1526'>on site</a>;<a href='https://specsintez.com/dezinfekcia-i-dezodoracia-holodilʹnikov-i-hranilis'>on site SEO URL</a>

LEVEL_1 ;ucrezdenia-zdravoohranenia;
LEVEL_2 ;dezinfekcia-i-uborka-na-pisebloke;
2177;category_id=131_134_1527;dezinfekcia-pisevogo-ajca;<a href='https://specsintez.com/index.php?route=product/category&path=131_134_1527'>on site</a>;<a href='https://specsintez.com/dezinfekcia-pisevogo-ajca'>on site SEO URL</a>

LEVEL_1 ;ucrezdenia-zdravoohranenia;
LEVEL_2 ;stirka;
2179;category_id=131_1536_1537;vrucnuu;<a href='https://specsintez.com/index.php?route=product/category&path=131_1536_1537'>on site</a>;<a href='https://specsintez.com/vrucnuu'>on site SEO URL</a>

LEVEL_1 ;ucrezdenia-zdravoohranenia;
LEVEL_2 ;stirka;
2180;category_id=131_1536_1538;v-stiralʹnyh-masinah;<a href='https://specsintez.com/index.php?route=product/category&path=131_1536_1538'>on site</a>;<a href='https://specsintez.com/v-stiralʹnyh-masinah'>on site SEO URL</a>

LEVEL_1 ;salony-krasoty-i-spa;
LEVEL_2 ;dezinfekcia-poverhnostej;
2181;category_id=168_1546_1548;generalʹnaa-uborka;<a href='https://specsintez.com/index.php?route=product/category&path=168_1546_1548'>on site</a>;<a href='https://specsintez.com/generalʹnaa-uborka'>on site SEO URL</a>

LEVEL_1 ;salony-krasoty-i-spa;
LEVEL_2 ;dezinfekcia-poverhnostej;
2182;category_id=168_1546_1549;ekspressdezinfekcia-posle-kazdogo-klienta;<a href='https://specsintez.com/index.php?route=product/category&path=168_1546_1549'>on site</a>;<a href='https://specsintez.com/ekspressdezinfekcia-posle-kazdogo-klienta'>on site SEO URL</a>

LEVEL_1 ;salony-krasoty-i-spa;
LEVEL_2 ;dezinfekcia-poverhnostej;
2183;category_id=168_1546_1550;dezinfekcia-sanitarnyh-komnat;<a href='https://specsintez.com/index.php?route=product/category&path=168_1546_1550'>on site</a>;<a href='https://specsintez.com/dezinfekcia-sanitarnyh-komnat'>on site SEO URL</a>

LEVEL_1 ;salony-krasoty-i-spa;
LEVEL_2 ;uborka;
2187;category_id=168_1553_1554;uborka-pomesenij;<a href='https://specsintez.com/index.php?route=product/category&path=168_1553_1554'>on site</a>;<a href='https://specsintez.com/uborka-pomesenij'>on site SEO URL</a>

LEVEL_1 ;salony-krasoty-i-spa;
LEVEL_2 ;uborka;
2188;category_id=168_1553_1555;uborka-sanitarnyh-komnat;<a href='https://specsintez.com/index.php?route=product/category&path=168_1553_1555'>on site</a>;<a href='https://specsintez.com/uborka-sanitarnyh-komnat'>on site SEO URL</a>

LEVEL_1 ;salony-krasoty-i-spa;
LEVEL_2 ;uborka;
2189;category_id=168_1553_1556;mojka-stekol-i-zerkal;<a href='https://specsintez.com/index.php?route=product/category&path=168_1553_1556'>on site</a>;<a href='https://specsintez.com/mojka-stekol-i-zerkal'>on site SEO URL</a>

LEVEL_1 ;salony-krasoty-i-spa;
LEVEL_2 ;uborka;
2190;category_id=168_1553_1557;udalenie-paten-i-graffiti;<a href='https://specsintez.com/index.php?route=product/category&path=168_1553_1557'>on site</a>;<a href='https://specsintez.com/udalenie-paten-i-graffiti'>on site SEO URL</a>

LEVEL_1 ;salony-krasoty-i-spa;
LEVEL_2 ;uborka;
2191;category_id=168_1553_1558;cistka-magkoj-mebeli-i-kovrovyh-pokrytij;<a href='https://specsintez.com/index.php?route=product/category&path=168_1553_1558'>on site</a>;<a href='https://specsintez.com/cistka-magkoj-mebeli-i-kovrovyh-pokrytij'>on site SEO URL</a>

LEVEL_1 ;salony-krasoty-i-spa;
LEVEL_2 ;uborka;
2192;category_id=168_1553_1559;uhod-za-metalliceskimi-poverhnostami;<a href='https://specsintez.com/index.php?route=product/category&path=168_1553_1559'>on site</a>;<a href='https://specsintez.com/uhod-za-metalliceskimi-poverhnostami'>on site SEO URL</a>

LEVEL_1 ;salony-krasoty-i-spa;
LEVEL_2 ;uborka;
2193;category_id=168_1553_1560;ocistka-i-profilaktika-zasorov-v-trubah;<a href='https://specsintez.com/index.php?route=product/category&path=168_1553_1560'>on site</a>;<a href='https://specsintez.com/ocistka-i-profilaktika-zasorov-v-trubah'>on site SEO URL</a>

LEVEL_1 ;salony-krasoty-i-spa;
LEVEL_2 ;uborka;
2194;category_id=168_1553_1561;stirka-belʹa;<a href='https://specsintez.com/index.php?route=product/category&path=168_1553_1561'>on site</a>;<a href='https://specsintez.com/stirka-belʹa'>on site SEO URL</a>

LEVEL_1 ;salony-krasoty-i-spa;
LEVEL_2 ;uborka;
2195;category_id=168_1553_1562;uhod-za-orgtehnikoj;<a href='https://specsintez.com/index.php?route=product/category&path=168_1553_1562'>on site</a>;<a href='https://specsintez.com/uhod-za-orgtehnikoj'>on site SEO URL</a>

LEVEL_2 ;veterinaria-pisevaa-promyslennostʹ-klining;
2197;category_id=1600_1601_1602;instrukcii-po-primeneniu-mousih-sredstv;<a href='https://specsintez.com/index.php?route=product/category&path=1600_1601_1602'>on site</a>;<a href='https://specsintez.com/instrukcii-po-primeneniu-mousih-sredstv'>on site SEO URL</a>

LEVEL_2 ;veterinaria-pisevaa-promyslennostʹ-klining;
2198;category_id=1600_1601_1603;instrukcii-po-primeneniu-dezinficiruusih-sredstv;<a href='https://specsintez.com/index.php?route=product/category&path=1600_1601_1603'>on site</a>;<a href='https://specsintez.com/instrukcii-po-primeneniu-dezinficiruusih-sredstv'>on site SEO URL</a>

LEVEL_2 ;veterinaria-pisevaa-promyslennostʹ-klining;
2199;category_id=1600_1601_1604;svidetelʹstva-o-gosudarstvennoj-registracii;<a href='https://specsintez.com/index.php?route=product/category&path=1600_1601_1604'>on site</a>;<a href='https://specsintez.com/svidetelʹstva-o-gosudarstvennoj-registracii'>on site SEO URL</a>

LEVEL_2 ;veterinaria-pisevaa-promyslennostʹ-klining;
2200;category_id=1600_1601_1605;deklaracii-o-sootvetstvii;<a href='https://specsintez.com/index.php?route=product/category&path=1600_1601_1605'>on site</a>;<a href='https://specsintez.com/deklaracii-o-sootvetstvii'>on site SEO URL</a>

