ProductID,Наименование,"Срок годности",Упаковка,Состав
1000,"Ларус-Бэби *","( - )","( - )","( - )"
999,"Вихрь *","( - )","( - )","( - )"
998,"Актив-Люкс *","( - )","( - )","( - )"
997,"Message from site","( - )","( - )","( - )"
996,Септибокс,"( + )","( + )","( - )"
995,Ларус-Софт,"( + )","( + )","( + )"
994,Хоз.Люкс,"( + )","( + )","( + )"
993,Корнум-пена,"( - )","( + )","( + )"
992,Корнум,"( - )","( + )","( + )"
991,"Скинлайф МК","( + )","( + )","( + )"
990,Сток-Мастер,"( + )","( + )","( + )"
989,Спецэнзим,"( + )","( + )","( + )"
988,Оперсепт,"( + )","( + )","( + )"
987,"Скинлайф-Лакто cалфетки","( + )","( + )","( + )"
986,"Antares High System Mini VI/3","( - )","( - )","( - )"
985,"SteriPower Metallic Edition","( - )","( - )","( - )"
984,"Триосепт-Эндо (вет)","( + )","( + )","( + )"
983,3D-Септ,"( + )","( + )","( + )"
982,Стопсептикум,"( + )","( + )","( + )"
981,Велюр,"( + )","( + )","( + )"
980,Triosept-Mix,"( + )","( + )","( + )"
979,Триосепт-Эндо,"( + )","( + )","( + )"
978,"Мурена 3","( + )","( + )","( + )"
977,"Sani Gryn","( - )","( - )","( - )"
976,"Антибактериальная HDS MAXI","( - )","( - )","( - )"
975,"Спец-Оксайд марки К","( + )","( - )","( + )"
974,Спец-Оксайд,"( + )","( - )","( + )"
973,Смарт-Профи,"( + )","( + )","( + )"
972,Актив,"( + )","( + )","( + )"
971,"Спец-Актив Д","( + )","( + )","( + )"
970,Актив-Д,"( + )","( + )","( + )"
969,Антей-МЦ,"( + )","( + )","( + )"
968,Антей-Пена,"( + )","( + )","( + )"
967,Антей,"( + )","( + )","( + )"
966,Лайт-Люкс,"( + )","( + )","( + )"
965,Лайт,"( + )","( + )","( + )"
964,Спектр-Профи,"( + )","( + )","( + )"
963,Спектр,"( + )","( + )","( + )"
962,Триосепт-Аква,"( + )","( + )","( + )"
961,"Салфетки Чистар","( + )","( + )","( + )"
960,Контакт-Экспресс,"( + )","( + )","( + )"
959,Контакт,"( + )","( + )","( + )"
958,Тор,"( + )","( + )","( + )"
957,Триосепт-ИН,"( + )","( + )","( + )"
956,Тор-ХС,"( + )","( + )","( + )"
955,Тор-Локомотив,"( + )","( + )","( + )"
954,Рейс,"( + )","( + )","( + )"
953,Смарт-Супер,"( + )","( + )","( + )"
952,Оксайд,"( + )","( + )","( + )"
951,"Спец-Оксайд УФС","( + )","( - )","( + )"
950,"Спец-Оксайд ПТО","( + )","( - )","( + )"
949,"Крем Ньюгард-Айс","( + )","( + )","( + )"
948,"Крем Ньюгард-Гидро","( + )","( + )","( + )"
947,"Крем Ньюгард","( + )","( + )","( + )"
946,Шелк-бальзам,"( + )","( + )","( + )"
945,"Шелк с антисептиком","( + )","( + )","( + )"
944,Шелк,"( + )","( + )","( + )"
943,Спец-Актив,"( + )","( + )","( + )"
942,Лайм-Антиграфити,"( + )","( + )","( + )"
941,Шайн-Микс,"( + )","( + )","( + )"
940,Шайн,"( + )","( + )","( + )"
939,3D-Клин,"( + )","( + )","( + )"
938,Триосепт-Люкс,"( + )","( + )","( + )"
937,Триосепт-Микс,"( + )","( + )","( + )"
936,Лайм-Аква,"( + )","( + )","( + )"
935,Лайм-Экстра,"( + )","( + )","( + )"
934,Лайм,"( + )","( + )","( + )"
933,"Настенный металлический держатель для флаконов airless","( - )","( - )","( - )"
932,"Лайт-Люкс Д","( + )","( + )","( + )"
931,"Спец-Оксайд марки Б","( + )","( - )","( + )"
930,Антей-Автомат,"( + )","( + )","( + )"
929,"Антей-Пена Плюс","( + )","( + )","( + )"
928,"Антей-Пена Д","( + )","( + )","( + )"
927,СкинЛайф-Йод,"( + )","( + )","( + )"
926,"SteriPower White Edition","( - )","( - )","( - )"
925,Скинлайф,"( + )","( + )","( + )"
924,СкинЛайф-Лакто,"( + )","( + )","( + )"
923,Триосепт-Вет,"( + )","( + )","( + )"
922,"Спец-Делит Основной","( + )","( + )","( + )"
921,"Спец-Делит Основной","( + )","( + )","( + )"
920,Спец-Делит,"( + )","( + )","( + )"
919,"Спец-Делит Профи","( + )","( + )","( + )"
918,"Триосепт-Нук 15","( + )","( + )","( + )"
917,"Триосепт-НУК 15 (тех.)","( + )","( + )","( + )"
916,Клин-Оксайд,"( + )","( + )","( + )"
915,Ворсол-Экстра,"( + )","( + )","( + )"
914,Ворсол-Пена,"( + )","( + )","( + )"
913,Ларус-Универсал,"( + )","( + )","( + )"
912,Ларус-Окси,"( + )","( + )","( + )"
911,Металл-Блик,"( + )","( + )","( + )"
910,"Лайт-Блеск К","( + )","( + )","( + )"
909,Шайн-Д,"( + )","( + )","( + )"
908,"Смарт-Супер М","( + )","( + )","( + )"
907,Смарт,"( + )","( + )","( + )"
906,"Паста Мастер","( + )","( + )","( + )"
905,"Крем Ньюгард-Ренова","( + )","( + )","( + )"
904,"Крем Ньюгард-Ультра","( + )","( + )","( + )"
903,Триосепт-Ол,"( + )","( + )","( + )"
902,Триосепт-Экспресс,"( + )","( + )","( + )"
901,Триосепт-Окси,"( + )","( + )","( + )"
900,Триосепт,"( + )","( + )","( + )"
899,"Актив-Люкс Д","( + )","( + )","( + )"
898,Лайт-Автомат,"( + )","( + )","( + )"
897,"Мурена 1","( + )","( + )","( + )"
896,"Сип-Ред 4","( + )","( + )","( + )"
895,"Сип-Ред 3","( + )","( + )","( + )"
894,"Сип-Ред 1","( + )","( + )","( + )"
893,"Сип-Блю 5","( + )","( + )","( + )"
892,"Сип-Блю 4","( + )","( + )","( + )"
890,"Триосепт-Микс П","( + )","( + )","( + )"
891,"Сип-Блю 1","( + )","( + )","( + )"
1001,"Настенный металлический держатель *","( - )","( - )","( - )"
1002,"Настенный металлический дозатор *","( - )","( - )","( - )"
1003,"СИП-Блю 3 *","( - )","( - )","( - )"
1004,"Смарт-автомат *","( - )","( - )","( - )"
1005,"Спец-Оксайд МВК *","( - )","( - )","( - )"
1006,"Спец-Оксайд Альфа *","( - )","( - )","( - )"
1007,"Спец-Оксайд НТ *","( - )","( - )","( - )"
1008,"Технолайм *","( - )","( - )","( - )"
1009,"Тор-Локомотив Супер *","( - )","( - )","( - )"
1010,"Тор-Профи *","( - )","( - )","( - )"
1011,"Экотехнол Плюс *","( - )","( - )","( - )"
1012,"Бэби-Люкс *","( - )","( - )","( - )"
1013,"Экотехнол *","( - )","( - )","( - )"
